Date,MMM,AXP,T,BA,CAT,CVX,CSCO,KO,DD,XOM,GE,GS,HD,INTC,IBM,JNJ,JPM,MCD,MRK,MSFT,NKE,PFE,PG,TRV,UNH,UTX,VZ,V,WMT,DIS
1/2/13,92.09,58.07,32.83,75.14,91.02,105.93,19.74,36.26,44.12,85.75,20.49,129.51,61.83,20.37,191.56,68.26,43.45,86.53,39.54,26.61,50.98,24.87,66.79,70.73,53.49,81.74,41.93,153.9,67.15,50.48
1/3/13,91.98,58.32,32.85,75.53,91.9,105.48,19.85,36.26,43.56,85.59,20.26,128.8,61.66,20.31,190.51,68.16,43.37,87.02,40.49,26.25,51.5,24.81,66.37,71.28,50.99,82.04,41.74,154.01,66.72,50.59
1/4/13,92.66,58.92,33.05,75.75,92.41,106.04,19.88,36.32,43.98,85.99,20.36,132.31,61.54,20.16,189.26,68.94,44.14,86.27,40.14,25.76,52,24.91,66.5,71.9,51.09,82.69,41.96,155.27,66.97,51.55
1/7/13,92.78,59.17,33.2,74.23,92.69,105.32,19.69,35.97,44.05,84.99,20.29,132.07,61.21,20.24,188.43,68.8,44.18,87.29,40.29,25.71,52.08,24.93,66.05,70.93,51.09,82.29,42.33,156.38,66.33,50.35
1/8/13,92.79,59.5,32.64,72.28,91.51,104.85,19.71,35.72,44.29,85.52,20.07,130.88,61.58,20.09,188.17,68.81,44.27,87.32,40.34,25.58,51.53,24.97,65.94,71.05,50.41,81.3,41.3,157.84,66.52,50.14
1/9/13,93.67,59.56,32.53,74.84,91.94,105.12,19.7,35.71,44.66,85.19,20.12,132.13,61.53,20.43,187.63,69.12,44.24,87.19,40.74,25.72,51.58,25.4,66.3,71.78,51.36,82.27,41.21,160.24,66.5,50.16
1/10/13,94.14,60.09,32.66,75.16,92.56,106.01,19.84,35.65,44.43,86.12,20.33,135.13,61.97,20.77,188.18,69.56,44.9,87.76,40.92,25.49,51.68,25.68,66.67,72.28,52.09,82.68,41.77,158.98,66.29,50.17
1/11/13,93.55,60.53,32.56,73.28,92.67,107.22,19.88,35.6,44.38,86.62,20.29,134.89,62.05,20.96,189.71,69.72,44.89,88.08,41.35,25.85,52.22,25.45,66.63,72.66,51.8,82.88,41.49,159.62,66.56,49.96
1/14/13,94.32,60.5,32.32,74.63,92.12,108.29,20.35,35.67,44.5,86.59,20.28,133.91,61.83,20.96,187.92,69.92,44.64,87.88,41.45,25.91,52.31,25.66,67.02,72.76,52.33,83.49,40.81,159.11,66.24,49.97
1/15/13,94.53,60.06,32.08,75.02,93.14,108.86,20.36,35.99,44.48,86.54,20.36,133.38,62.29,20.84,187.81,69.74,45.1,87.86,41,26.21,52.75,25.55,67.26,73.35,52.59,83.64,40.22,158.92,66.89,50.47
1/16/13,94.83,59.92,31.6,72.48,92.67,109.37,20.41,35.99,44.21,86.48,20.28,138.79,62.2,21.06,187.89,69.94,45.56,87.47,40.69,26.05,52.84,25.54,67.28,73.34,52.63,83.26,39.78,158.67,67.12,50.9
1/17/13,95.3,60.04,31.55,73.38,93.17,110.11,20.33,36.18,44.59,87.19,20.45,138.71,63.36,21.6,188.93,70.25,45.19,88.1,40.89,26.25,52.59,25.75,67.6,73.68,53.35,84.07,40.37,158.35,66.77,51.77
1/18/13,95.94,59.09,31.77,73.16,95.03,110.59,20.4,36.36,45.19,87.77,21.16,142.09,63.77,20.24,189.73,70.56,45.21,88.58,41.11,26.25,52.41,25.47,67.87,74.08,53.51,84.61,40.77,156.76,67.11,51.7
1/22/13,96.51,58.71,31.94,72.3,95.13,111.23,20.25,35.81,45.99,87.88,21.14,143.57,64.04,20.17,191.3,70.04,45.28,89.25,41.32,26.16,52.59,25.6,67.88,75.67,54.94,85.11,41.15,157.53,67.48,52.09
1/23/13,96.67,58.25,32.1,72.43,94.28,110.37,20.01,35.81,45.68,87.67,21.07,143.18,64.73,20.11,199.73,70.2,44.98,89.76,40.96,26.6,52.21,25.58,68.59,75.37,54.83,85.7,41,157.53,67.39,53.29
1/24/13,96.84,58.62,32.07,73.44,94.04,110.84,20.4,35.79,46.23,88.3,21.17,142.59,65.6,19.96,199.44,70.44,45.12,89.59,41.13,26.62,52.97,25.77,68.33,75.81,55.14,86.52,40.81,158.04,67.68,53.29
1/25/13,97.73,58.81,32.32,73.15,93.05,111.51,20.53,35.73,46.48,88.66,21.4,142.1,66.06,19.97,199.97,71.23,45.89,89.99,41.57,26.86,54.63,25.91,71.08,76.06,54.96,87.37,40.89,158.31,66.91,53.72
1/28/13,97.79,58.39,32.43,72.15,94.87,111.35,20.44,35.69,46.31,88.07,21.61,141.8,65.82,20.05,199.93,70.94,45.38,90.6,41.06,26.89,53.6,25.76,71.58,75.09,54.74,87.38,40.99,154.86,67.25,53.7
1/29/13,98.92,58.76,32.95,71.81,95.99,112.48,20.17,36.09,46.13,88.69,21.61,144.7,65.45,20.27,198.93,71.7,45.85,91.14,41.76,26.98,53.03,26.58,72.78,75.54,55.2,87.34,41.69,155.16,67.78,53.33
1/30/13,97.94,58.64,32.76,72.72,96.04,111.75,19.97,36.17,45.81,87.64,21.35,144.75,65.49,20.36,198.56,71.39,45.86,90.9,41.61,26.83,52.72,26.63,72.85,75.32,55,86.7,41.79,153.53,67.64,53.13
1/31/13,97.7,58.13,33.06,72.02,95.78,110.5,19.96,35.92,45.64,86.96,21.39,145.45,65.18,20.04,198.12,71.23,45.78,91.49,41.37,26.45,53.15,26.41,72.93,76.17,54.15,85.21,41.79,156.4,67.84,53.22
2/1/13,98.68,59.22,33.74,73,96.85,111.8,20.22,36.2,46.14,87.03,21.72,147.45,65.55,20.35,200.18,71.48,46.56,92.13,40.01,26.91,52.81,26.75,73.67,77.56,54.7,87.42,42.7,157.04,68.36,53.92
2/4/13,97.91,58.72,33.47,73.33,95.66,110.55,20.21,36.02,45.63,86.17,21.42,145.11,64.64,20.16,198.82,71.41,46.39,90.83,39.07,26.44,52.77,26.3,73.02,75.72,54.68,87.13,42.66,155.15,67.52,53.24
2/5/13,98.61,59.96,33.59,73.99,95.83,111.13,20.46,36.78,45.78,86.74,21.64,147.99,64.67,20.39,197.85,71.94,47.47,91.13,39.63,26.49,53,26.63,73.45,76.35,56.66,86.85,42.7,158.01,68.63,53.63
2/6/13,99.77,59.86,33.66,74.38,95.11,111.23,20.56,36.95,45.63,86.79,21.55,148.65,64.94,20.21,196.94,72.65,47.3,91.28,39.3,26.34,53.26,26.45,73.89,76.66,56.28,86.96,42.88,159.28,69.15,53.86
2/7/13,99.32,61.42,33.51,75.49,93.56,110.38,20.48,37.53,45.48,85.85,21.59,147.81,64.59,20.04,195.69,72.33,46.93,90.86,39.22,26.28,53.77,26.1,73.89,76.81,55.95,87.53,42.61,155.56,69.08,53.7
2/8/13,99.75,61.09,33.51,74.64,94.28,110.97,20.54,37.39,45.68,86.2,21.61,149.12,65.27,20.22,197.59,72.73,47.32,91.09,39.39,26.54,53.68,26.02,73.5,76.56,56.63,87.66,42.5,156.29,69.32,53.99
2/11/13,99.71,61.26,33.47,73.97,94.04,110.97,20.64,37.24,45.93,85.88,21.56,149.75,64.66,20.25,196.1,72.66,47.35,91.38,39.58,26.84,54.3,26.27,73.56,76.9,56.02,87.19,42.47,154.84,69.24,54.08
2/12/13,100.52,61.48,33.83,74.09,94.65,111.8,20.35,36.22,46.14,86.05,21.68,151.59,65.57,20.4,195.98,73.04,47.81,91.31,39.65,26.86,54.18,26.13,73.73,77.57,55.91,87.55,42.59,155.3,69.24,54.28
2/13/13,100.56,61.38,33.65,73.38,93.83,111.73,20.52,35.89,46.17,86.25,22.46,152,65.7,20.46,196.03,72.91,47.37,90.26,39.36,27,53.65,26.14,74.29,77.65,56.13,87.61,42.66,153.61,69.23,54.29
2/14/13,100.48,61.62,33.53,73.52,93.53,111.9,20.37,35.53,45.83,86.11,22.48,153.38,65.59,20.44,195.6,73.05,47.89,89.83,39.4,27.01,53.71,26.2,74.5,77.99,55.95,87.79,42.48,154.82,68.68,54.21
2/15/13,100.92,60.98,33.6,73.62,93.08,111.18,20.37,36.09,45.55,85.95,22.36,152.46,65.77,20.33,196.9,73.39,47.56,90.16,39.62,26.98,54.04,26.42,74.27,78.04,56.22,88.86,42.55,156.81,67.2,54.93
2/19/13,101.85,61.56,33.89,73.25,93.07,112.1,20.83,36.33,45.79,86.89,22.81,156.06,65.8,20.31,196.26,74.16,48.12,90.11,40.38,27.25,53.57,26.83,75.09,78.25,55.57,89.1,42.64,156.43,66.68,55.05
2/20/13,100.84,61.19,33.7,73.38,90.75,111.21,20.49,36.39,45.16,86.55,22.48,152.65,64.71,19.96,195.27,73.86,47.3,90.17,40.8,27.07,53.12,26.69,74.79,77.77,54.15,88.25,43.05,154.26,67.12,53.93
2/21/13,100.42,60.83,33.66,74.58,89.11,111.21,20.15,36.37,45.15,86.18,22.52,148.42,62.71,19.5,194.31,74.07,46.95,90.39,40.65,26.7,53.64,26.54,74.76,78.03,54.18,87.52,43.24,156.26,68.14,53.51
2/22/13,101.22,61.85,33.9,75.22,89.12,112.14,20.28,37.15,45.84,86.77,22.64,151.57,63.88,19.66,197.01,74.06,47.59,91.46,41.1,26.97,53.57,26.51,74.71,78.65,53.42,88.58,43.51,158.24,68.27,53.59
2/25/13,99.47,61.3,33.44,73.62,86.8,109.8,20.05,36.38,45.06,85.31,22.08,145.24,62.26,19.48,193.51,73.4,46.41,92.31,40.67,26.59,53.14,25.98,73.67,76.94,52.27,86.5,43.81,154.73,68.31,52.94
2/26/13,100.02,61.2,33.72,74.23,87.57,111.18,20,36.75,45.58,86.1,22.32,146.08,65.81,19.81,195.1,73.58,46.32,92.39,40.57,26.59,53.37,26.17,73.82,77.7,52.03,87.32,44.2,156.65,68.96,53.24
2/27/13,101.25,61.78,34.06,75.91,89.81,112.81,20.27,37.08,46.11,87.09,22.63,149.68,66.29,20.15,198.23,74.13,47.95,92.66,41.1,27.01,53.44,26.54,74.47,78.42,52.83,88.66,44.42,158.68,69.49,53.82
2/28/13,101.67,61.43,34.12,75.46,89.92,113.29,20.24,37.34,46.48,87.11,22.48,147.82,66.72,20.1,196.76,73.93,47.6,92.82,40.87,27,53.76,26.5,73.92,78.07,52.42,88.64,44.59,157.46,68.64,53.92
3/1/13,101.45,61.65,34.22,75.83,88.94,113.05,20.22,37.32,46.67,86.99,22.45,148.58,67.24,20.25,198.8,74.5,47.59,92.61,40.77,27.15,54.12,26.52,74.22,78.33,52.49,88.23,44.77,156.9,69.57,54.66
3/4/13,100.97,62.16,34.42,75.64,87.37,113.62,20.13,37.44,46.88,86.53,22.53,150.2,68.46,20.48,201.03,74.98,47.77,92.02,41.45,27.34,54.03,26.81,74.41,78.17,52.29,87.25,45.14,158.31,71.05,55.12
3/5/13,102.11,63.38,34.78,77.18,87.82,114.05,20.59,37.3,47.24,87.17,22.84,150.97,68.64,20.71,202.34,75.43,48.15,92.74,41.37,27.54,54.2,27.17,74.76,79.08,52.47,89.1,45.7,159.09,71.49,55.79
3/6/13,102.32,63.9,34.48,77.6,87.27,114.57,21.08,37.63,47.3,87.12,22.92,152.13,68.65,20.94,204.15,75.17,48.68,93.7,41.78,27.29,54.59,27.22,74.91,79.15,52.58,89.15,45.31,159.86,71.16,55.67
3/7/13,102.2,63.81,34.58,79.53,87.28,114.66,21.16,37.73,47.24,86.29,22.93,154.59,68.43,21.08,205.17,75.52,49.26,93.97,41.39,27.33,54.51,27.37,74.62,79.28,52.76,89.77,45.5,159.31,71.1,55.63
3/8/13,103.34,63.95,34.85,79.71,88.11,114.67,21.19,37.82,47.7,86.55,23.01,150.99,69.52,20.78,206.11,75.95,48.85,95.54,41.1,27.2,53.99,27.29,74.89,79.72,52.77,90.12,45.96,159.47,71.28,56.69
3/11/13,103.44,64.74,34.78,81.38,88.76,114.82,21.23,37.91,47.87,86.73,22.87,151.31,69.47,20.88,205.82,76.19,49.12,95.72,41.76,27.07,53.83,27.35,75.06,79.81,53.17,90.95,45.82,159.98,71.23,56.96
3/12/13,102.78,64.54,34.89,82.58,87.36,114.36,21.06,37.57,48.24,86.73,22.66,149.88,69.29,20.83,206.28,76.31,48.92,95.59,43.08,27.11,52.81,27.05,74.88,79.8,53.77,91.17,46.34,158.61,71.84,56.41
3/13/13,102.74,64.55,34.78,83.16,86.92,114.46,20.94,37.49,48.12,86.83,22.74,149.94,69.3,20.85,207.76,76.3,48.81,96.19,43.06,27.12,54.15,27.13,74.52,80.18,53.64,91.11,45.94,158.18,71.88,56.64
3/14/13,103.65,64.62,35.02,83.03,86.35,116.05,20.95,37.9,48.44,87.38,22.94,152.02,68.79,20.84,211.42,76.83,49.62,96.12,42.75,27.33,53.99,27.21,75.09,80.41,53.88,91.48,46.46,159.46,71.46,57.05
3/15/13,104.02,65.33,34.61,84.81,86.48,115.74,21.28,37.72,48.43,86.94,22.69,152.83,67.63,20.58,210.56,76.92,48.67,96.47,42.58,27.24,54.08,27.13,74.08,80.33,53.88,91.31,46.02,157.37,70.76,56.88
3/18/13,103.05,65.02,34.35,83.58,86.99,115.21,21.03,37.65,48.24,86.35,22.51,149.98,67.92,20.47,208.89,76.55,48.17,95.41,42.13,27.3,53.47,27.14,73.9,80.58,54.15,90.81,46.72,156.89,70.52,56.14
3/19/13,102.82,64.38,34.34,83.91,85.93,115.53,20.89,38.21,48.18,86.17,22.58,146.91,67.37,20.35,209.11,76.6,47.87,95.24,42.2,27.37,53.14,27.1,74.82,81.22,54.32,91.14,46.91,154.84,70.71,55.62
3/20/13,103.29,65.24,34.39,83.77,84.64,116.39,21.03,38.73,48.37,86.22,22.71,148.18,67.46,20.39,210.7,77.17,47.79,95.6,42.61,27.51,54.13,27.39,75.28,81.85,54.03,91.48,46.57,158.14,71.24,56.25
3/21/13,102.59,64.65,34.35,82.75,84.53,116.38,20.23,38.92,47.9,85.77,22.55,143.49,67.53,20.26,207.96,76.74,47.05,95.37,42.29,27.31,52.92,27.21,74.92,81.77,54.21,90.48,46.76,156.62,71.38,55.62
3/22/13,104.04,65.46,34.61,83.23,85.16,117.19,20.14,38.9,47.81,86.86,22.63,144.7,68.13,20.54,207.78,77.45,47.46,96.08,42.39,27.44,58.77,27.47,74.98,81.71,53.62,91.61,46.97,158.89,72.5,56.09
3/25/13,102.82,65.34,34.58,83.26,84.35,116.22,20.23,38.97,47.66,86.59,22.5,144.21,68.04,20.36,206.47,77.39,47.21,95.09,42.19,27.35,58.8,27.26,74.41,81.4,54.01,90.84,47.11,162.78,73.06,55.52
3/26/13,103.69,66.39,34.91,85,84.7,117,20.23,39.53,47.52,87.67,22.38,144.64,68.61,20.96,208.05,78.53,47.33,95.34,42.87,27.35,58.71,27.69,75.1,81.39,54.79,90.69,47.42,166.21,72.98,55.94
3/27/13,102.93,66.37,34.8,84.58,84.6,116.23,20.22,39.07,47.45,88.11,22.36,145.92,68.21,21.02,206.61,78.94,46.48,95.73,42.59,27.56,57.7,27.73,74.77,81.4,55.75,90.65,46.9,167.4,72.99,55.78
3/28/13,103.93,66.68,34.86,84.24,84.67,114.91,20.28,39.28,47.71,87.66,22.38,145.24,68.34,21.03,208.97,79.19,46.18,96.49,42.68,27.79,58.26,27.94,74.77,82.2,56.33,91.46,47.1,168.57,73.04,56.11
4/1/13,103.28,66.48,35.39,83.65,83.37,115.67,20.22,39.29,47.56,88.3,22.34,144.14,68.23,20.63,208.07,79.58,46.54,95.87,42.83,27.79,57.52,27.92,75.4,81.96,58.06,90.96,47.17,166.1,73.62,56
4/2/13,104.13,66.86,35.7,82.51,82.63,115.08,20.59,39.56,47.58,88.11,22.6,144.78,69.56,20.66,210.01,80.32,46.98,97.04,43.37,27.98,58.15,28.3,76.62,82.41,60.79,91.03,47.43,166.7,74.2,56.76
4/3/13,103.31,65.68,35.42,82.78,81.89,113.9,20.57,39.02,47.35,87.48,22.27,141.55,68.91,20.27,208.35,79.71,45.87,96.07,43.8,27.74,58.16,28.1,75.8,81.74,60.72,91.23,46.95,163.52,74.18,56.55
4/4/13,103.45,66.15,36.02,83.36,82.39,114.18,20.58,39.38,47.59,87.32,22.34,141.13,69.23,20.35,207.03,80.04,46.5,97.4,43.76,27.78,58.58,28.23,76.21,82.34,61.07,91.19,47.24,165.24,74.37,56.89
4/5/13,103.41,64.74,36.13,84.55,82.36,113.65,20.16,38.93,47.25,86.59,22.2,141.82,68.62,20.16,205.16,79.69,46.91,98.17,43.58,27.88,58.22,28.17,75.91,82.41,61.14,90.68,47.49,163.93,74.56,57
4/8/13,103.38,65.03,36.17,85.12,81.96,113.93,20.12,39.69,47.36,86.19,22.38,141.95,69.75,20.31,205.08,78.78,47.56,98.24,43.92,27.77,59.18,28.23,76.45,82.72,60.93,91.73,47.87,165.05,75.44,58.1
4/9/13,103.58,64.66,36.31,85.57,83.62,114.74,20.52,39.55,47.78,86.35,22.33,144.62,69.73,20.94,204.98,79.18,47.66,97.82,43.95,28.76,59.13,28.18,75.94,83.25,61.22,92.45,47.8,163.52,76.25,58.42
4/10/13,105.28,64.84,36.71,86.17,84.28,115.7,21,39.9,48.27,86.26,22.83,147.52,70.21,21.43,207.7,79.67,48.22,98.23,45.23,29.41,59.52,28.96,76.89,82.8,61.45,93.17,48.28,165.74,75.51,59.38
4/11/13,105.83,65.17,37.06,86.87,83.43,116.97,21.22,40,48.8,86.79,22.84,147.13,70.42,21.02,208.6,79.96,48.28,98.72,45.59,28.11,60.42,29.66,77.31,84.02,62.01,93.8,48.91,166.37,75.92,59.81
4/12/13,105.27,65.11,37.11,87.22,82.8,115.99,21.07,39.91,48.35,86.57,22.71,147.18,72.1,20.87,207.09,80.37,47.99,100.27,45.49,27.97,59.81,29.69,77.7,84.22,62.06,93.67,49.25,164.51,76.68,59.81
4/15/13,103.39,63.55,36.49,85.14,80.09,112.73,20.59,38.94,47.34,84.13,22.08,144.56,70.74,20.58,205.02,79.36,46.93,98.87,44.87,27.87,58.91,29.48,77.29,82.7,60.64,91.54,49.04,160.09,76.59,58.16
4/16/13,103.77,64.03,36.48,85.26,80.42,113.16,20.7,41.16,48.13,84.25,22.36,142.23,70.97,21.1,207.7,81.05,47.48,99.73,45.35,28.14,59.73,29.95,77.72,84.5,61.84,92.51,48.86,163.48,76.79,60.01
4/17/13,103.12,63.58,36.33,85.06,79.31,111.03,20.18,41.33,47.7,83.73,22.03,138.77,71.3,21.11,205.42,81.49,45.81,99.25,45.16,28,60.12,29.88,76.72,83.06,61.07,90.89,47.97,161.02,76.63,59.94
4/18/13,102.63,64.48,36.29,84.5,78.83,111.79,20.13,40.9,47.15,84.26,21.95,136.8,70.99,21.41,202.95,80.79,45.67,98.64,44.96,27.97,59.41,29.61,77.5,82.11,58.77,89.62,49.3,160.2,75.31,59.26
4/19/13,103.34,66.66,36.81,86.31,78.8,112.09,20.02,41.44,47.74,85.07,21.06,136.92,72.47,21.6,186.15,82.06,46.24,96.71,45.86,28.92,60.14,30.07,79.01,82.8,59.11,91.25,50.6,162.74,76.41,60.81
4/22/13,103.43,66.09,37.24,85.31,81.04,112.73,20.14,41.5,48.92,85.69,20.67,137.71,72.34,22.03,184.02,82.4,46.36,96.13,46.28,29.95,60.58,29.94,78.99,82.58,58.31,91.65,50.54,162.31,76.1,61.25
4/23/13,104.99,66.87,37.5,86.53,82.4,113.61,20.46,41.48,50.94,86.87,20.81,141.08,71.87,22.51,187.72,83,47.16,96.56,46.96,29.72,60.89,30.09,80.09,84.31,57.64,90.93,50.66,164.42,77.19,61.83
4/24/13,105.45,66.84,35.62,89.13,82.08,114.39,19.95,40.94,51.19,86.99,21.26,142.06,71.77,22.78,187.82,81.97,47.7,97.78,46.3,30.85,60.74,29.62,75.38,83.83,57.88,90.06,50.16,165.81,76.16,61.18
4/25/13,102.53,67.54,35.85,89.95,82.8,114.61,20.19,41.14,51.72,85.67,21.25,142.88,71.86,22.51,190.02,82.77,47.98,97.7,45.73,31.03,61.28,29.29,74.85,83.25,58.42,90.16,51.54,167.5,76.76,61.24
4/26/13,101.47,67.17,35.62,91.11,82.97,116.09,20.22,40.9,51.34,85.6,21.5,142.24,71.84,22.53,190.37,82.68,47.86,97.65,46.23,30.88,61.1,29.13,75.36,83.13,58.56,89.22,51.93,165.98,77.14,61.12
4/29/13,101.51,67.05,35.87,90.18,83.08,117.33,20.53,41.03,52.5,85.81,21.56,143.23,72.15,22.88,195.11,83.12,47.9,98.9,46.18,31.68,61.83,29.46,75.93,83.46,59.08,89.68,51.77,166.65,76.51,62.23
4/30/13,102.37,67.82,36.02,89.7,82.96,117.99,20.47,41.12,52.9,86.57,21.58,144.17,71.84,23.06,198.43,82.78,47.99,98.86,45.39,32.15,62.79,28.14,75.04,83.39,59,89.36,52.2,167.2,75.86,62.07
5/1/13,102.21,67.69,36.12,89.47,81.4,116.31,19.94,41,51.79,85.13,21.44,140.76,71.26,23.1,195.58,81.81,47.01,98.13,44.12,31.78,62.55,27.98,75.26,82.11,58.8,89.13,50.74,164.78,76.19,62.44
5/2/13,103.67,68.78,36.12,90.48,82.56,118.02,20.28,40.76,51.93,86.22,21.61,141.8,71.82,23.21,198.29,82.72,47.07,98.78,44.16,32.21,62.51,28.34,76.01,82.42,58.56,89.81,50.87,174.09,76.58,63.1
5/3/13,105.42,69.62,35.9,91.98,85.22,119.43,20.38,41.03,52.35,87.57,21.85,143.48,72.44,23.29,200.36,83.29,46.58,99.62,44.1,32.53,63.73,28.04,76.43,83.39,58.01,91.14,51.01,178.2,77.35,64.01
5/6/13,105.43,69.46,35.66,92.42,85.82,119.19,20.36,40.88,52.3,88.11,21.86,146.52,73.71,23.24,198.67,82.25,47.17,98.79,43.44,32.78,63.14,27.8,76,83.29,59.27,91.51,50.4,177.55,76.94,64.27
5/7/13,105.59,69.63,36.08,93.01,87.97,118.99,19.94,41.48,53.04,88.67,21.96,147.38,73.52,23.47,199.5,83.08,48.11,99.01,43.72,32.36,63.09,28.1,76.18,83.98,59.57,91.89,51.24,178.45,76.94,65.26
5/8/13,105.78,69.7,36.38,92.75,88.48,119.3,20.27,41.25,53.08,89.2,22.28,148.31,73.87,23.57,201.61,83.01,48.72,97.71,43.45,32.05,63.08,28.04,76.67,85.21,61.54,92.39,51.43,177.92,76.83,65.19
5/9/13,107.46,69.6,35.89,93.31,88.13,119.57,20.38,40.92,53.74,89.16,22.05,146.61,74.31,23.67,200.05,82.71,48.01,96.49,43.93,31.73,62.93,27.92,76.45,84.41,61.05,92.76,51.04,177.25,76.98,65.86
5/10/13,108.01,69.48,35.92,92.95,86.83,119.17,20.64,40.94,53.82,88.29,22.17,147.16,74.44,23.81,201.26,83.3,47.94,96.98,44.37,31.75,63.93,28.04,76.99,84.44,61.94,93.24,51.22,177.42,77.46,66.38
5/13/13,108.03,69.19,35.58,93.46,86.29,118.81,20.81,40.98,53.27,88.25,22.12,147.69,75.09,23.4,199.29,83.39,48.63,97.16,44.59,32.08,63.82,28.67,76.82,84.45,61.43,92.94,50.89,177.59,77.08,66.5
5/14/13,108.11,70.89,35.8,94.79,85.78,120.89,20.81,41.3,53.97,89.24,22.28,152.51,75.73,23.17,200.02,84.47,49.18,97.95,45.05,32.8,65.07,28.7,77.68,85.82,60.78,93.9,51.49,178.97,77.35,66.65
5/15/13,109,72.15,36.09,95.69,85.24,119.92,20.75,41.69,54.35,89.37,22.5,153.59,76.27,23.52,200.13,85.12,50.02,98.68,45.13,33.11,64.99,28.86,78.86,85.7,60.66,94.31,51.9,180.73,78.41,66.84
5/16/13,108.58,71.61,35.94,95.26,85.02,119.68,23.37,41.86,54.29,88.84,22.53,152.46,75.17,23.27,201.48,84.94,49.9,97.88,44.78,33.34,63.62,28.55,78.39,84.81,61.18,93.68,51.52,178.78,77.08,65.66
5/17/13,108.9,72.69,36,97.56,85.9,120.32,23.71,41.74,54.68,89.88,22.71,156.13,75.28,23.36,205.17,85.56,51.21,98.28,44.41,34.11,64.49,28.27,78.22,84.45,61.87,95.83,51.66,183.53,76.46,65.77
5/20/13,109.22,73.76,35.79,97.37,86.54,121.65,23.43,41.17,54.72,90.62,22.82,156.84,75.18,23.4,204.34,85.48,51.2,98.28,43.66,34.32,64.5,28.02,77.31,83.52,61.59,95.71,51.07,180.58,76,65.31
5/21/13,109.5,74.46,35.52,97.4,86.32,122.78,23.49,41.13,55.16,90.9,22.91,158.64,77.09,23.47,205.38,86.05,51.91,98.86,45.71,34.09,64.4,28.09,77.02,81.65,61.9,96.02,50.42,180.52,75.99,65.03
5/22/13,108.93,73.8,35.21,96.59,85.93,121.79,22.83,41.04,54.37,90.3,23.1,157.27,78.05,23.39,203.74,85.92,52.51,98.48,45.11,33.86,63.63,28.6,77.04,81.79,61.32,94.74,49.84,179.12,75.63,64.77
5/23/13,108.55,74.05,35.33,98.38,85.19,122.25,23,40.73,54.15,89.91,22.91,155.37,77.28,23.37,202.93,85.34,52.23,97.79,45.71,33.41,62.52,28.42,76.93,81.52,61.4,94,50.25,177.09,74.95,64.43
5/24/13,108.42,74.62,35.34,98.63,84.47,122.3,23.02,41.03,54.15,89.65,22.78,156.66,77.36,23.25,202.49,84.96,52.54,97.07,45.54,33.52,61.99,28.35,80.04,81.62,61.1,93.55,49.76,179.43,75.91,64.69
5/28/13,109.71,75.5,34.79,98.74,84.45,123.26,23.37,41.33,54.68,90.48,22.85,159.11,78.17,23.4,204.52,85.74,53.46,97.99,45.99,34.26,62.47,28.32,79.04,81.25,62.36,94.47,49.21,179.01,75.92,65.88
5/29/13,109.26,75.18,34.53,97.73,84.74,122.34,23.6,40.22,54.81,90.19,22.89,161.26,77.85,23.59,204.66,83.82,53.53,95.87,45.26,34.12,62.13,27.61,77.12,81.69,62.37,93.63,48,177.13,74.85,65.45
5/30/13,109.55,75.48,34.13,99.16,84.66,121.97,23.84,39.6,55.08,90.2,22.85,162.73,77.8,23.53,206.08,84.15,54.46,94.69,45.45,34.27,61.82,27.58,77.31,82.56,63.66,94.46,47.53,180.01,74.26,63.86
5/31/13,108.42,75.06,33.64,97.66,84.06,119.67,23.6,38.85,54.58,88.61,22.58,160.48,77.04,23.6,204.76,82.38,53.45,94.2,45.1,34.14,61.08,26.58,75.03,81.74,61.66,93.42,46.95,177.13,73.48,62.31
6/3/13,108.75,75.81,33.72,99.36,84.39,120.97,23.85,39.64,54.92,89.58,22.89,161.95,77.45,24.53,205.67,82.9,53.35,95.56,46.79,34.81,62.43,27.09,75.91,81.78,61.83,93.74,47.12,179.17,74.32,63.02
6/4/13,108.17,75.4,34.3,98.24,84.18,119.87,23.83,40.24,54.58,88.93,22.91,160.08,75.42,24.65,202.96,82.3,52.91,95.96,47.74,34.23,62.19,27,75.63,81.84,61.4,92.81,47.29,179.18,74.56,63.57
6/5/13,106.76,74.12,33.9,97.14,82.71,118.52,23.79,39.49,53.43,87.81,22.58,156.74,73.92,24,199.56,81.89,51.92,94.06,47.06,34.02,61.17,26.82,74.93,80.29,60.8,91.56,46.77,176.22,73.89,62.35
6/6/13,106.84,75.58,34.43,98.39,82.3,117.56,24.02,39.62,53.61,88.38,22.63,158.1,76.04,23.96,200.6,82.65,52.38,94.31,46.93,34.2,61.57,27.44,75.09,80.29,60.96,91.3,48.39,178.34,74.26,62.37
6/7/13,109.24,77.37,34.09,101.09,82.94,118.64,23.96,40.23,54.24,89.57,23.1,164.37,77.5,23.9,203.11,83.09,53.14,95.87,46.54,34.89,62.16,27.59,76,81.96,61.6,93.02,48.65,178.92,74.95,64.06
6/10/13,108.95,77.61,34.61,100.84,82.1,119.61,23.83,40,54.32,89.25,23.02,165.84,76.5,24.31,201.8,83.32,53.22,97.09,46.8,34.7,62.44,27.69,76.31,81.83,62.7,92.67,48.93,181.3,74.38,63.05
6/11/13,108.37,75.86,34.38,100.36,81.83,118.4,23.55,39.62,53.66,88.6,22.83,161.7,76.39,24.01,200.78,82.88,52.37,95.82,45.93,34.08,61.56,27.74,76.36,80.63,62.94,92.21,48.59,178.65,73.89,63.02
6/12/13,107.2,74.08,34.25,99.5,81.53,116.96,23.47,39.51,53.06,87.9,22.75,160.26,75.2,23.77,198.04,81.95,52.07,95.83,45.63,34.24,60.83,27.75,75.85,80.01,62.84,91.23,48.32,178.14,73.48,62.22
6/13/13,109.33,74.56,34.9,100.76,83.42,118.6,23.82,39.53,52.72,89.46,22.93,164.18,75.32,24.29,200.57,83.09,53.04,96.46,46.68,33.96,61.18,28.39,76.66,81.33,63.44,92.82,49.04,181.22,73.64,63.52
6/14/13,109.16,72.34,34.53,100.43,82.17,117.26,23.57,39.46,51.54,88.72,22.77,161.31,75.38,24.22,199.03,83.09,52.02,96.01,46.73,33.65,61.3,28.4,76.27,80.7,63.09,92.55,49.45,179.91,73.51,63.02
6/17/13,110.03,73.2,34.38,101.62,82.22,118.18,24.16,39.79,52.54,89.63,23.01,162.49,74.94,24.39,199.86,83.8,52.72,96.32,46.58,34.24,61.35,28.46,77.18,81.76,63.65,93.49,49.1,181.32,73.59,63.7
6/18/13,111.07,74.33,34.78,102.65,82.84,118.47,24.28,40.03,52.85,90.04,23.55,162.53,75.97,24.75,201.66,84.51,52.98,97.31,46.53,34.22,61.56,28.7,77.26,82.6,64.95,94.67,49.92,182.97,74.36,64.49
6/19/13,109.69,73.59,33.89,100.85,82.55,117.47,24.15,39.53,52.31,89.13,23.22,159.97,74.73,24.3,198.77,83.04,52.43,96.39,46.37,33.84,61.17,28.41,75.86,80.82,64.54,92.71,48.47,181.6,73.11,63.55
6/20/13,106.95,72.29,33.03,98.27,81.52,114.99,23.91,38.27,51.45,87.22,22.69,153.88,72.71,23.51,194.25,80.85,51.38,94.42,45.13,32.76,60.2,27.96,73.55,78.37,63.09,90.91,47.41,177.45,71.71,61.22
6/21/13,107.75,72.68,33.14,98.61,81.44,115.94,23.95,38.89,51.77,87.64,22.8,152.73,72.66,23.52,192.39,81.42,50.87,94.85,45.8,32.54,60,27.78,75.69,77.67,63.19,90.74,47.95,178.49,72.18,61.97
6/24/13,105.69,71.39,33.13,96.51,79.87,113.89,23.54,38.67,51.52,86.66,22.38,149.29,72.35,22.92,190.5,82.8,49.86,94.91,45.23,32.98,59.38,27.05,74.85,76.47,63.93,90.06,47.56,177.26,72.86,61.68
6/25/13,106.42,72.6,33.68,97.32,80.66,114.5,23.49,38.85,51.74,87.28,22.55,151.55,72.97,23.21,191.92,83.52,50.99,95.13,45.05,32.94,59.82,27.32,74.96,77.04,63.02,90.34,48.84,179.45,73.02,61.81
6/26/13,107.84,73.26,33.97,99.37,80.44,115.18,23.86,39.45,52.37,87.96,22.69,150.16,74.48,23.33,191.8,85.13,51.4,96.42,45.5,33.6,61.26,27.43,75.66,78.38,64.06,91.53,49.06,181.62,73.65,62.44
6/27/13,108.39,74.47,34.26,101.74,81.28,115.73,24.1,39.38,52.41,88.19,22.76,152,75.07,23.37,192.58,84.85,52.04,97.21,46.08,33.87,61.73,27.51,75.92,78.92,65.36,92.05,49.39,183.22,73.9,62.94
6/28/13,107.51,74.12,34.04,101.04,80.82,115.37,23.81,39.23,51.37,88.5,22.63,149.76,76.25,23.55,188.11,84.02,51.69,96.57,45.27,33.79,63.08,27.34,75.26,78.5,64.75,91.49,48.75,181.72,73.14,62.38
7/1/13,107.47,74.99,33.94,101.82,81.05,116.09,23.98,39.57,51.58,88.45,22.78,150.25,75.66,23.22,188.28,84.78,51.39,97.37,45.14,33.61,61.74,27.12,76.26,79.67,64.9,93.26,48.77,184.17,73.24,63.15
7/2/13,106.9,74.2,34.16,100.08,80.81,116.16,23.96,39.49,51.4,88.78,22.35,149.43,76.09,23.05,188.5,84.72,52.07,97.48,45.37,33.2,62.03,27.04,76.67,78.41,64.54,92.33,49.03,184.19,73.36,62.49
7/3/13,107.61,74.16,34.25,101.48,80.19,116.09,24.23,39.6,51.27,88.83,22.36,148.95,76.5,23.09,190.22,84.92,52.04,97.89,45.37,33.27,62.26,26.99,76.8,78.98,64.81,93.25,49.4,185.98,73.41,62.83
7/5/13,109.66,75.88,34.45,102.77,80.48,117.48,24.21,39.63,51.85,89.69,22.68,151.73,77.06,23.38,191.87,85.99,53.25,97.41,45.96,33.46,63.04,27.3,76.58,79.9,65.43,95.02,49.68,189.71,73.85,63.04
7/8/13,110.24,76.61,34.65,102.94,81.52,118.2,24.27,39.65,52.6,90.36,22.76,152.29,77.97,22.54,191.92,86.69,53.95,97.43,46.2,33.58,63.12,27.46,76.99,80.31,66.81,95.46,50.05,187.04,75.32,63.92
7/9/13,111.44,77.18,34.67,103.25,83.6,120.17,24.79,39.94,52.75,91.43,23.05,155.39,78.44,22.49,188.3,86.98,54.13,97.54,46.41,33.6,63.32,27.67,77.78,80.6,67.21,96.49,49.85,186.14,75.63,64.15
7/10/13,111.52,75.9,34.46,104.05,83.24,119.81,25.03,39.79,52.75,90.92,22.97,154.29,78.15,22.6,189.23,87.33,54.08,97.53,46.74,33.94,63,27.76,78,80.13,66.94,96.26,49.44,185.65,75.38,64.12
7/11/13,112.6,76.51,34.93,105.41,84.95,120.66,25.49,40.13,53.36,91.36,23.36,156.15,78.6,23.31,189.78,87.75,54.38,98.32,47.08,34.91,63.12,28.08,78.95,81.24,67.6,98.13,50.09,188.89,76.22,65.77
7/12/13,113.2,77.89,34.87,100.47,85.41,120.94,25.56,40.13,53.23,91.48,23.19,158.53,79.27,23.23,189.06,88.06,54.21,99.09,47.3,34.89,63.07,28.12,79.71,82.69,67.24,98.27,49.31,189.64,76.22,66.16
7/15/13,112.92,77.41,34.62,104.21,85.63,121.55,25.55,40.11,53.45,91.34,23.06,161.39,79.13,23.27,190.96,88.47,54.13,98.28,47.29,35.38,62.75,28.1,79.67,81.81,66.87,98.67,48.87,189.18,75.63,65.13
7/16/13,112.42,77.83,34.94,102.8,86.39,121,25.33,39.35,53.2,91.39,22.86,158.66,78.96,23.57,190.81,88.47,54.25,98.41,47,35.48,62.11,28,79.15,81.76,66.17,98.43,49.18,188.31,75.97,64.24
7/17/13,112.71,76.37,35.02,103.35,84.92,121.23,25.34,39.95,56.01,91.54,22.97,159.91,79.17,23.47,191.5,88.2,54.51,97.65,46.91,34.96,62.73,28,78.87,82.5,65.49,99.28,49.63,188.57,75.8,64.56
7/18/13,113.54,73.6,34.8,106.15,84.57,122.32,25.48,39.92,56.23,92.44,23.06,162.44,78.76,22.59,194.88,88.24,55.59,97.72,46.19,34.67,62.72,27.81,79.08,83.03,69.77,99.75,48.88,189.93,75.94,65.02
7/19/13,114.24,73.65,34.87,105.49,84.5,123.72,25.44,40.19,55.91,93.22,24.12,162.74,78.63,22.39,190.5,90.26,55.39,97.81,46.57,30.72,62.75,28.4,80.13,83.16,70.66,100.88,48.86,188.85,76.66,64.37
7/22/13,114.32,74.3,34.65,105.4,84.85,123.84,25.34,39.95,55.93,92.88,24.26,164.61,78.74,22.13,191.05,90.31,55.78,95.19,46.51,31.31,62.69,28.65,79.98,83.92,71.38,100.51,49.17,190.14,76.46,63.61
7/23/13,114.79,73.99,34.87,106.31,84.37,124.06,25.18,40.06,55.89,93.25,24.11,164.62,78.93,22.11,191.92,90.44,55.89,94.39,46.71,31.13,62.59,28.72,79.72,80.75,71.88,103.48,49.26,187.52,77.13,63.66
7/24/13,114.37,74.94,34.47,105.48,82.32,123.2,25.21,39.97,56.14,93.04,24.03,163.41,79,22.28,193.53,90.38,55.85,94.29,46.55,31.26,62.04,28.58,79.05,80.72,71.72,103.35,49.28,185.7,76.81,63.85
7/25/13,114.59,75.35,34.53,105.24,81.04,124.55,25.12,39.95,56.35,93.02,24.09,164.27,77.75,22.41,194.13,90.59,55.72,95.1,46.94,30.71,61.9,28.49,79.19,81.38,71.81,103.15,49.6,193.51,76.6,63.76
7/26/13,114.94,74.92,34.67,104.15,80.96,124.36,25.12,39.75,56.41,92.85,24.06,163.63,77.5,22.61,194.25,90.84,55.28,95.63,47.26,30.93,61.94,28.67,79.17,82.12,71.41,103.33,49.91,192.11,76.59,64.19
7/29/13,114.65,74.64,34.94,103.37,81.91,123,24.96,39.4,56.3,92.1,23.9,161.56,77.43,22.59,193.13,91.22,54.92,95.47,47.11,30.85,62.12,28.84,78.87,81.93,71.98,103.43,50.37,190.89,76.58,63.82
7/30/13,114.88,74.77,34.49,104.28,82.08,122.62,25.29,39.44,56.43,91.89,23.89,160.83,77.36,22.72,192.94,91.18,54.57,95.96,46.83,31.16,62.25,28.96,79.22,81.91,71.47,103.92,49.32,190.36,76.48,63.4
7/31/13,115.46,73.36,34.35,103.66,81.8,122.73,25.21,39.2,56.44,91.83,23.78,162.41,77.78,22.68,191.98,91.5,54.96,95.68,46.94,31.15,62.32,28.77,79.08,82.07,72.04,103.92,48.4,176.01,76.53,63.86
8/1/13,116.42,75.21,34.78,105.24,83.31,123.26,25.51,39.68,57.19,90.83,24.03,165.84,77.4,22.55,192.74,91.76,55.76,96.57,47.34,30.98,65.35,28.65,80.4,82.87,72.35,105.5,48.92,178.16,76.8,64.56
8/2/13,116.27,75.27,34.83,106.42,83.17,121.81,25.8,39.34,58.63,90.06,24.1,165.97,78.97,22.57,192.1,92.37,55.71,96.77,47.3,31.19,65.67,28.9,80.05,82.51,71.46,106.08,49.15,182.96,77.32,65.7
8/5/13,115.94,75.51,34.73,106.03,82.44,120.88,25.92,39.41,58.3,89.71,23.93,166.66,78.4,22.49,192.43,91.79,55.33,96.88,47.3,31.01,65.77,28.73,80.16,81.68,72.53,104.97,49.11,183.5,77.34,65.21
8/6/13,115.52,75.39,34.55,105.57,81.42,120.05,25.82,39.49,57.92,89.59,23.72,163.15,78.79,22.38,187.99,91.8,54.73,96.27,47.21,30.89,65.91,28.87,80.5,80.9,72.43,103.55,49,181.86,76.46,66.23
8/7/13,115.85,74.72,34.66,105.44,81.33,120.23,25.73,39.27,58.31,89.47,23.75,161.84,77.59,22.28,186.53,91.66,54.54,95.92,47.31,31.36,65.01,28.8,80.71,80.41,72.11,104.37,48.84,180.37,76.43,65.11
8/8/13,116.68,75.76,34.36,104.86,82.83,119.98,25.87,39.32,58.47,89.9,23.74,161.23,78.78,22.03,185.91,91.34,54.08,95.64,47.24,32.17,65.42,28.67,80.92,80.58,72.37,104.6,48.54,179.76,76.31,64.95
8/9/13,116.32,75.08,33.89,104.36,83.38,119.42,25.66,39.28,58.45,89.47,23.66,160.53,77.73,22.09,185.8,90.38,53.77,95.23,47.16,31.99,65.68,28.75,80.4,80.65,72.12,103.97,48.24,178.79,75.96,63.94
8/12/13,116.39,75.07,34,103.28,85.16,118.74,25.95,38.96,58.59,88.65,23.68,160.09,77.95,22.22,187.05,90.03,53.35,94.66,47.24,32.15,65.88,28.73,80.38,80.86,71.59,103.89,48.57,178.74,76.14,63.15
8/13/13,116.67,75.8,33.81,105.25,85.41,119.42,25.93,38.78,58.86,88.17,23.62,162.09,78.19,22.1,186.39,91.02,53.54,94.09,47.2,31.75,65.19,28.8,80.42,80.49,72.54,105.13,48.08,178.22,75.93,63.2
8/14/13,115.64,75.46,33.86,103.2,84.67,118.99,25.99,38.67,58.53,87.73,23.49,161.73,76.22,22.15,185.51,88.76,53.4,93.75,47.33,31.87,63.74,28.57,80.01,80.72,71.68,103.94,47.82,177.67,75.47,63.18
8/15/13,113.9,74.46,33.45,101.78,84.71,118.2,24.12,38.23,57.91,86.95,23.42,159.16,73.96,21.62,183.79,87.63,52.56,93.05,46.75,31.32,62.89,28.34,79.26,79.63,70.61,101.89,47.48,173.27,73.51,61.62
8/16/13,113.95,74.75,33.28,102.52,84.02,117.84,23.91,38.2,57.45,86.7,23.37,159.07,74.19,21.5,183.34,87.46,52.56,92.7,46.49,31.33,63.05,27.92,78.68,79.66,70.64,101.98,46.67,172.47,73.21,61.41
8/19/13,113.67,73.92,32.9,103.75,83.07,116.64,23.91,37.93,56.71,85.73,23.27,157.06,74.02,21.86,182.25,88.51,51.12,93.14,46.37,30.92,64.1,28.01,78.38,78.81,70.91,101.53,46.46,174.31,72.69,61.08
8/20/13,113.48,73.85,32.98,103.67,82.74,116.27,23.96,37.8,56.71,85.64,23.15,157.99,73.12,22.1,182.57,87.81,51.4,93.16,46.35,31.15,64.02,28.08,78.32,78.85,71.66,101.31,46.86,172.56,72.34,61.13
8/21/13,112.13,73.03,32.6,102.95,81.83,115.69,23.71,37.44,56.34,85.23,23.04,155.56,72.57,21.76,182.87,86.9,50.92,92.78,46.25,31.14,63.52,27.79,78.17,78.01,71.05,100.61,46.24,177.71,72.66,60.39
8/22/13,113.37,73.45,32.93,104.17,83.04,116.27,23.66,37.47,56.73,85.78,23.21,157.84,72.83,21.85,183.2,86.37,51.49,93.12,46.59,31.91,64.25,27.71,78.56,79.12,71.17,101.86,45.99,178.24,72.57,60.89
8/23/13,113.1,73.24,33.39,104.51,82.77,117.49,23.51,37.68,57.08,86.32,23.21,157.08,72.73,22.02,183.42,87.17,51.6,92.8,46.52,34.23,63.6,27.89,78.79,78.77,71.73,101.7,46.57,178.42,72.55,60.98
8/26/13,113.03,73.2,32.93,104.56,82.44,116.81,23.48,37.29,56.75,85.89,23.04,156.34,74.24,21.86,182.75,86.3,51.09,92.97,46.41,33.64,63.31,27.57,77.35,78.7,71.58,101.21,45.91,174.33,72.14,60.6
8/27/13,111.45,71.51,32.81,102.26,81.59,116.78,23.13,37.32,55.94,85.63,22.62,151.72,72.95,21.78,180.77,84.96,49.9,92.52,45.91,32.76,62.22,27.56,76.78,78.33,70.73,98.87,45.92,173.51,71.97,59.95
8/28/13,111.71,71.61,32.7,102.32,81.34,119.73,23.1,37.51,55.98,87.62,22.64,151.96,73.85,21.87,180.2,85.32,49.88,93.73,45.89,32.53,62.77,27.76,75.68,78.48,70.75,98.91,45.54,174.54,71.5,60.07
8/29/13,112.03,71.82,32.77,103.96,81.42,118.32,23.1,37.27,55.86,86.07,22.55,152.61,73.87,21.65,180.67,85.36,50,93.28,45.9,33.05,63.09,27.65,76.13,78.83,71.64,99.39,46.78,174.7,71.55,60.34
8/30/13,112.29,71.51,32.94,102.96,81.43,118.38,22.97,37.34,55.82,85.96,22.58,151.12,73.32,21.57,180.31,85.2,49.83,92.79,46.09,32.9,62.43,27.76,76.71,78.49,70.94,99.03,46.35,173.75,72.09,60.09
9/3/13,111.93,72.02,32.45,104.04,81.4,118.49,23.13,37.07,55.59,85.95,22.5,153.73,73.12,21.66,181.98,85.21,50.43,92.95,46.01,31.4,63.89,27.56,76.57,79.14,71.75,101.56,45.01,176.35,71.8,60.19
9/4/13,113.25,72.73,32.86,105.39,82.42,118.8,23.42,37.7,56.42,86.55,22.61,154.71,73.36,22.22,181.16,85.68,51.16,93.58,46.47,30.73,64.73,27.92,76.31,79.63,72.54,102.26,45.76,175.52,72.02,60.36
9/5/13,113.56,73.39,32.47,105.67,81.84,119.3,23.34,37.4,56.79,86.15,22.6,155.14,72.22,22.18,182.17,85.82,51.39,94.07,46.3,30.76,64.98,27.82,75.97,79.23,73.22,102.57,45.62,175.54,71.79,60.55
9/6/13,113.73,72.94,32.53,105.09,82.27,119.14,23.2,37.51,56.3,86.05,22.6,155.62,71.93,22.25,181.06,85.94,51.84,94.66,46.28,30.69,64.58,27.83,75.98,79.56,73.24,102.13,45.33,176,71.71,60.64
9/9/13,115.41,73.25,32.75,106.2,84.44,120.14,23.57,37.68,56.68,86.83,22.83,158.43,72.8,22.48,182.99,86.33,52.13,94.85,46.53,31.19,65,27.85,76.97,81.24,73.43,103.36,44.91,177.87,72.62,60.84
9/10/13,116.25,74.18,33.08,107.17,85.45,120.91,23.8,37.78,57.22,86.61,23.29,164.05,73.81,22.55,184.59,87.29,52.93,95.28,46.76,31.91,66.41,28,76.76,81.58,73.8,105.12,45.46,183.89,73.06,62.06
9/11/13,117.36,74.76,33.08,108.22,85.96,121.81,24.02,37.93,57.99,87.62,23.51,163.97,74.25,22.38,188.65,87.98,52.53,95.84,46.91,32.25,67.17,28.21,77.08,82.76,74.62,106.68,45.5,185.6,73.15,63.16
9/12/13,116.86,74.87,33.48,108.79,85.68,121.78,23.93,37.87,57.24,86.77,23.27,162.27,74.6,22.21,188.68,87.76,51.52,95.56,47.05,32.2,67.66,27.86,77.07,82.16,74.19,106.68,46.32,184.35,73.01,64.69
9/13/13,117.25,74.88,33.42,110.3,85.84,122.02,23.96,38.12,58.04,87.19,23.21,162.91,74.32,23,190.1,87.33,51.87,95.73,46.99,32.54,67.49,28.06,77.85,82.59,73.93,107.23,46.72,188.28,73.46,65.88
9/16/13,117.87,75.18,33.66,114.6,86.01,121.96,24.02,38.29,58.85,87.45,23.56,165.92,74.74,22.95,191.07,87.78,52.41,96.09,47.39,32.31,67.77,28.25,78.94,83.59,74.57,108.53,47.25,188.66,73.87,66.12
9/17/13,118.57,76.49,33.84,116.03,85.9,122.22,24.01,38.22,58.77,87.72,23.86,166.31,75,23.3,190.09,87.81,52.36,96.29,47.21,32.44,67.9,28.18,78.62,83.89,73.76,109.21,47.51,190.87,74.24,66.16
9/18/13,119.91,77.21,34.03,117.31,86.66,123.67,24.43,39.01,59.58,88.35,24.26,166.95,76.55,23.45,192.33,88.65,52.67,97.06,47.59,32.82,69.05,28.58,79.08,84.92,72.5,109.82,47.66,192.91,75.49,66.29
9/19/13,120.19,77.14,33.9,117.94,86.57,123.3,24.25,38.73,59.47,88.05,24.05,166.67,77.68,23.46,191.31,88.81,52.02,96.29,47.46,33.14,69.07,28.38,78.9,85.89,70.32,110.8,47.45,193.97,75.28,64.92
9/20/13,118.64,76.89,33.41,115.55,83.61,122.79,24.15,38.82,58.58,87.44,23.61,168.63,76.19,23.33,187.97,88.42,52.07,95.29,47.21,32.3,68.94,28.51,78.18,85.06,70.05,108.41,46.74,198.07,74.91,64.22
9/23/13,119.73,76.01,33.32,116.43,83.89,123.38,23.91,38.06,58.57,86.54,23.88,164.15,75.11,23.18,188.93,87.84,50.75,95.66,46.89,32.25,68.55,28.34,78.07,85.38,71.29,108.25,46.93,195.49,75.49,63.96
9/24/13,119.43,75.64,33.2,117.9,83.97,122.37,23.78,37.96,58.48,86.16,23.92,161.89,75.24,23.26,187.93,86.98,49.63,96.15,46.74,31.97,69,28.25,77.42,84.88,71.79,108.82,46.24,192.6,74.83,63.54
9/25/13,118.83,75.56,33.16,117.42,83.37,121.95,24.07,37.76,58.48,85.94,23.83,161.23,74.72,23.26,187.43,85.86,50.99,96,46.88,32.03,68.49,28.04,76.54,84.98,71.45,108.09,45.92,190.83,73.74,63.66
9/26/13,119.29,75.89,33.33,118.28,83.07,121.38,23.42,38.17,58.66,85.87,23.85,161.21,75.27,22.97,188.17,85.85,51.18,96.56,46.89,32.28,69.91,28.07,76.86,84.84,71.63,108.49,46.63,192.82,73.71,64.44
9/27/13,118.85,75.47,33.09,117.65,82.68,120.55,22.99,37.83,58.17,85.71,23.65,158.79,75.16,22.55,184.91,85.51,51.52,95.51,46.99,32.77,73.19,28.42,76.04,84.42,71.46,108.19,45.97,192.31,73.46,64.4
9/30/13,118.05,75.1,32.93,116.42,82.28,119.43,23.08,37.32,57.73,84.86,23.49,157.16,75.05,22.49,183.19,85.47,50.98,94.61,46.82,32.78,72.19,28.27,74.44,83.79,71.08,106.67,45.65,190.37,73.06,63.7
10/1/13,118.26,75.51,33.17,116.66,82.64,119.25,23.06,37.39,57.86,84.82,23.77,157.95,75.45,22.4,184.37,86.24,51.24,94.53,47.93,33.08,71.97,28.43,75,83.68,72.04,106.23,45.96,192.48,72.7,64.04
10/2/13,117.84,74.39,33.05,116.75,82.94,118.77,23.14,36.88,58.15,84.9,23.93,157.62,75.51,22.46,182.97,86.07,51.75,93.7,47.56,33.41,71.45,28.55,74.78,83.5,72.03,103.86,45.77,191.09,72.82,64.09
10/3/13,117.2,73.83,32.76,114.18,82.84,116.23,22.84,36.61,56.94,84.32,23.7,155.81,75.08,22.18,181.88,85.37,51.6,93.1,47.55,33.36,71.2,28.31,74.69,83.09,71.98,102.58,45.98,187.93,72.27,63.24
10/4/13,118.04,74.12,32.86,116.12,83.07,116.11,22.85,36.65,57.82,85.13,23.65,155.51,74.98,22.38,182.12,86.09,52.33,93.13,47.43,33.37,71.69,28.54,74.86,83.7,72.45,103.16,46.07,189.75,71.91,64.5
10/7/13,117.34,72.75,33.11,115.61,82.41,115.86,22.72,36.5,57.28,84.72,23.54,153.23,74.34,22.4,180.05,85.38,51.49,92.79,47.09,32.8,70.9,28.17,74.5,83.12,71.64,102.92,46.26,185.62,71,63.8
10/8/13,115.83,72.03,32.67,114.38,81.74,114.74,22.47,36.73,56.26,84.33,23.28,152.04,73.48,22.06,176.8,84.41,50.54,92.38,46.95,32.52,69.85,27.79,75.17,82.03,70.95,101.66,45.55,181.83,72.01,63.22
10/9/13,116.23,72.03,33.31,113.41,82.4,114.15,22.33,36.53,56.13,83.99,23.18,153.42,73.36,22.17,179.37,84.75,50.42,91.72,46.48,32.58,70.45,27.84,75.78,81.4,70.85,101.74,45.7,183.15,72.11,62.81
10/10/13,117.98,74.47,33.7,117.8,83.59,114.39,22.84,37.22,57.46,84.86,23.85,156.96,74.71,22.67,182.78,86.55,52.18,92.87,46.7,33.26,72.99,28.31,76.71,83.2,73.43,104.79,46.36,188.31,73.88,64.78
10/11/13,119.35,75.21,33.75,116.89,84.46,115.66,23.1,37.21,57.11,85.75,23.99,158.94,75.51,22.83,184.16,88.2,52.17,93.16,46.5,33.62,73.01,28.26,77.29,83.68,73.72,105.87,46.58,191.47,73.91,65.4
10/14/13,120.02,75.87,33.47,118.36,85.08,116.56,23.16,37.35,57.53,86.4,23.97,158.4,75.54,23.01,184.96,88.54,52.37,93.15,45.97,33.94,73.6,28.88,77.54,84.21,74.17,105.76,46.31,192.7,73.77,66.02
10/15/13,118.46,75.06,33.27,117.09,84.6,116.13,23,37.1,57.31,85.6,23.79,156.59,74.38,22.95,182.67,88.67,51.97,92.24,45.79,33.98,73.25,28.7,76.42,83.5,73.32,104.67,45.82,190.64,73.47,65.63
10/16/13,119.56,76.12,33.75,119.23,85.11,117.13,22.83,37.44,58.22,86.11,23.96,161.17,74.15,23.26,184.72,89.83,53.65,93.64,46.38,34.12,74.06,29.33,77.75,85.08,74.63,105.29,46.74,194.88,74.68,65.54
10/17/13,121.22,80.02,33.99,121.16,85.29,117.48,22.61,37.98,58.79,86.28,24.27,157.27,74.94,23.47,172.95,90.68,53.86,93.88,46.32,34.4,74.08,29.78,78.82,85.02,70.84,106.87,48.37,197.52,74.86,65.61
10/18/13,121.44,80.31,34.15,121.39,86.77,117.61,22.79,38.21,58.77,86.35,25.13,157.64,73.9,23.44,171.91,90.34,53.95,93.62,45.83,34.44,75.46,30.03,78.81,85.58,68.25,106.59,49.47,199.69,74.79,66.33
10/21/13,121.85,80.19,34.76,120.35,87.13,117.78,22.76,38.25,58.62,86.03,25.71,158.71,73.83,23.69,171,89.92,53.92,93.02,45.73,34.47,75.62,29.92,78.38,85.76,67.7,106.47,50.04,199.28,74.24,66.79
10/22/13,122.39,80.66,34.77,121.35,88.59,118.58,22.48,38.51,59.32,86.77,25.59,158.19,74.07,23.62,173.09,91.06,53.27,93.54,45.7,34.06,75.49,30.19,79.78,85.71,68.35,105,50.59,199.22,75.39,68.16
10/23/13,121.8,80.42,34.82,127.83,83.22,118.08,22.09,38.51,59.36,86.41,25.27,156.69,74.29,23.3,173.88,90.81,52.41,92.64,45.78,33.26,75.09,30.11,80.3,85.28,67.51,105.25,50.27,198.13,74.98,67.29
10/24/13,122.08,80.69,34.17,127.79,83.98,118.5,22.2,38.23,60.51,87.2,25.51,158.9,75.97,23.34,175.89,91.05,52.14,93.11,45.45,33.22,75.04,30.12,80,86.02,67.11,105.92,49.88,202.14,75.49,68.21
10/25/13,123,82.4,34.73,129.98,84.22,118.53,22.29,38.45,61.02,86.76,25.45,161.02,75.44,23.79,174.95,90.8,52.43,93.2,45.76,35.2,75.23,30.12,79.4,85.63,67.12,106.37,50.16,202.29,75.15,68.42
10/28/13,123.5,82.55,35.1,128.68,83.73,118.85,22.38,39.03,60.69,87.02,25.66,160.38,75.26,23.91,175.44,91.09,52.34,93.78,44.59,35.04,75.04,30.25,80.69,86.1,66.45,104.86,50.03,202.31,76.2,68.16
10/29/13,123.85,83.44,35.79,128.46,83.52,119.43,22.66,39.21,60.61,87.71,25.77,161.04,76.68,24.06,180.16,91.83,52.39,94.45,44.82,34.99,75.44,30.75,81.84,86.27,67.58,105.28,50.54,203.46,76.12,68.08
10/30/13,123.37,82.89,35.78,128.48,82.95,118.25,22.54,39.04,60.15,87.59,25.93,160.98,77.06,24.04,178.21,91.49,52.26,94.43,44.49,35.01,75.66,30.44,80.91,85.89,67.51,104.82,49.99,203.04,75.97,67.64
10/31/13,124.42,81.59,35.72,129.3,82.82,117.91,22.39,38.99,60.33,88.39,25.71,159.79,77.07,24.01,177.28,91.31,51.21,94.92,44.34,34.88,75.29,30.2,80.14,85.3,67.76,105.11,49.97,195.92,75.82,67.75
11/1/13,124.47,81.95,35.76,131.8,83.05,116,22.4,39.03,60.22,88.59,26.1,160.98,76.18,23.88,177.3,92.06,52.17,95.62,44.48,35,75.59,30.67,80.54,85.4,68.12,106.36,49.95,198.4,76.13,68.17
11/4/13,124.88,81.72,35.97,131.57,83.35,116.09,22.41,38.93,59.45,90.83,25.99,162.08,76.19,23.81,178.33,91.73,51.7,95.69,44.96,35.4,75.9,30.76,80.72,85.6,68.44,106.83,50.53,195.67,76.39,67.97
11/5/13,124.68,81.69,35.06,132.34,83.5,116.43,22.9,38.92,59.44,90.73,25.98,160.88,75.84,23.8,175.94,91.51,51.61,95.79,44.6,36.09,76.72,30.74,80.82,85.46,68.21,106.53,49.56,196.62,76.48,68.01
11/6/13,125.68,81.91,35.35,132.34,83.67,119.07,23.1,39.46,59.91,91.94,26.45,162.44,75.61,24.02,178.21,91.73,51.76,96.27,45.19,37.61,76.29,30.71,82.19,86.48,69.77,107.51,50.07,198.26,77.21,68.16
11/7/13,124.97,80.71,34.65,130.77,83.11,117.86,22.93,39.24,59.99,91.31,26.16,158.58,74.89,23.83,179.02,91.39,51.31,95.58,45.06,36.94,75.23,30.65,81.7,86.21,69.24,106.12,49.63,195.35,76.57,66.33
11/8/13,126.53,81.57,34.71,132.74,83.69,119.12,23.33,39.46,61.12,92.08,26.6,162.09,74.68,23.86,179.01,92.73,53.61,95.4,46.02,37.22,76.64,31.06,81.89,86.78,69.98,107.39,49.66,197.53,77.01,67.74
11/11/13,126.49,81.19,34.57,131.79,83.6,119.01,23.27,39.28,61.21,92.31,26.56,162.75,74.57,23.94,181.88,92.97,53.75,95.48,46.22,37.03,76.68,30.98,81.64,86.95,69.98,106.93,49.42,198.51,78.05,67.51
11/12/13,126.9,80.82,34.71,131.59,83.31,117.95,23.55,39.29,61.17,92.02,26.6,161.81,75.37,24.2,182.07,92.25,53.62,96.04,46.8,36.8,76.4,31.12,82.18,85.44,69.43,106.3,49.62,197.51,77.75,66.94
11/13/13,127.13,81.23,34.61,132.42,83.65,118.04,23.82,39.53,60.51,91.94,26.7,161.86,76.78,24.37,182.55,92.03,53.79,96.48,46.55,37.59,77.37,31.61,82.87,86.21,70.49,106.9,49.45,199.42,77.94,68.13
11/14/13,128.31,81.68,34.7,134.33,83.22,118.51,21.21,39.62,61.36,92.56,26.54,162.12,78.1,24.16,181.22,92.6,54.05,95.94,47.02,37.45,78.15,31.74,83.69,87.23,70.91,108.12,49.73,199.79,78.12,69.17
11/15/13,128.37,82.59,34.96,135.32,83.2,119,21.38,39.63,61.68,94.6,26.75,163.31,79.18,24.29,182.19,93.07,54.51,95.31,47.27,37.28,78.73,31.93,84.2,87.64,71.34,108.02,49.77,201.64,78.26,69.15
11/18/13,128.65,82.13,35.13,137.58,83.49,119.5,21.13,39.58,61.27,94.78,26.77,164.58,78.83,24.37,183.46,92.98,55.38,96.03,47.21,36.65,78.09,31.75,83.94,87.16,71.15,108.56,50.21,199.54,78.26,68.65
11/19/13,128.57,82.25,35.25,136.21,83.13,120.99,21.26,39.55,61.06,94.75,26.58,165.5,79.53,24.47,184.24,93.53,55.79,96.35,47.27,36.47,77.33,31.4,83.71,87.07,71.08,108.53,50.23,197.03,78.29,68.28
11/20/13,128.34,82.04,34.93,131.71,82.14,120.93,21.07,39.47,60.36,94.01,26.51,163.91,78.91,24.33,184.18,93.82,55.74,95.92,47.33,36.8,77.36,31.66,84.05,86.91,71.45,108.26,49.86,197.76,77.94,68.39
11/21/13,129.5,83.73,34.84,132.18,81.59,122.37,21.31,39.83,61.17,94.02,26.46,165.96,78.99,24.99,183.13,93.86,56.85,96.08,47.81,37.12,77.61,31.71,84.03,88.19,72.37,109.2,49.84,201.25,77.9,69.09
11/22/13,130.16,83.63,34.95,135.21,82.34,122.94,21.3,39.83,61.27,94.34,26.63,166.99,78.34,23.64,180.31,94.57,57.09,96.64,48.12,37.29,78.38,31.85,84.31,89.47,73.2,109.62,49.68,201.76,78.84,69.34
11/25/13,130.37,84.37,34.9,132.25,83.85,122.65,21.11,39.77,61.15,94.42,26.29,168.36,78.91,23.53,177.96,94.95,57.28,97.28,48.83,37.36,78.64,31.87,84.77,89.74,73.52,109.73,49.47,201.57,79.45,68.89
11/26/13,131.29,84.87,34.82,134.02,83.81,121.7,21.05,39.66,60.89,93.61,26.33,166.93,79.5,23.43,176.34,94.38,56.8,96.57,48.75,37.07,79.11,31.63,84,89.74,73.97,110.36,49.51,203.15,79.7,70.31
11/27/13,132.63,85.37,34.94,133.96,84.12,121.34,21.11,39.87,61.11,93.14,26.38,167.65,79.81,23.67,177.99,94.3,57.11,96.24,49,37.32,78.84,31.62,83.65,89.94,73.81,110.93,49.39,203.62,79.95,69.91
11/29/13,132.64,85.58,34.75,133.5,84.05,121.36,21.09,39.87,60.95,92.82,26.22,168.37,79.82,23.61,178.7,93.98,56.85,96.55,49,37.85,78.65,31.47,83.59,89.69,73.93,110.28,49.09,203.09,80.02,69.68
12/2/13,126.85,85.07,34.34,133.41,83.7,121.26,20.93,39.76,61.31,92.86,26.22,169.15,78.93,23.48,176.51,93.61,56.61,95.69,49.34,38.16,78.6,31.57,82.71,87.97,73.61,109.73,48.73,204.76,80.12,70.05
12/3/13,125.77,84.39,34.28,131.26,83.33,121.44,21.1,40.03,60.08,93.73,26.12,167.48,78.26,23.33,175.12,93.3,56.49,95.57,48.93,38.02,78.64,30.96,83.2,88,73.19,109.12,49.07,201.39,80.22,69.05
12/4/13,125.63,84.28,34.14,130.76,83.42,120.7,21.09,40.05,59.84,94,26.2,168.13,77.95,23.52,174.78,92.96,56.82,94.9,48.49,38.65,78.33,31.01,82.72,87.58,73.38,108.37,48.84,202.38,79.71,69.12
12/5/13,126,84.32,33.8,131.99,83.86,120.03,20.75,39.52,59.69,93.47,26.01,165,78.09,24.03,175.12,92.31,55.46,94.62,48,37.72,78.46,30.99,82.07,86.9,72.49,108.48,48.38,201.35,78.93,69.37
12/6/13,127.77,85.71,34.08,134.42,84.94,121.21,21.12,40.14,60.91,94.98,26.49,166.65,79.38,24.59,176.7,93.77,55.7,95.98,48.57,38.07,79.37,31.28,83.89,88.48,73.24,110.54,48.95,201.51,79.43,70.59
12/9/13,127.73,85.53,34.23,133.92,85.53,122.25,21.06,40.08,60.96,95.17,26.74,167.11,79.14,24.69,176.49,93.77,56.14,94.91,48.73,38.42,79.29,31.32,84.14,87.93,73.45,110.6,49.04,201.23,79.44,70.24
12/10/13,126.72,85.07,33.95,132.95,85.86,122.57,21.05,39.54,61.01,95.04,26.69,169.16,78.16,24.59,176.15,93.47,56.33,94.62,48.61,37.83,78.73,31.08,83.02,87.92,73.78,110.4,48.52,199.07,78.57,70.7
12/11/13,125.94,83.68,33.5,131.82,84.73,121.02,20.72,39.81,59.87,93.6,26.14,167.04,78.55,24.19,174.24,92.44,55.71,94.46,48.13,37.33,76.37,30.4,83.39,86.58,71.88,108.09,47.97,205.29,78.58,69.66
12/12/13,125.75,83.09,33.44,132.21,85.01,119.92,20.35,38.9,59.53,94.69,26.1,167.76,78.08,24.24,172.42,90.51,55.94,93.31,47.95,36.94,76,30,81.68,86.12,70.75,107.53,47.61,203.07,78,69.63
12/13/13,125.6,83.46,33.4,133.08,85.49,118.84,20.09,38.92,59.82,94.64,26.39,167.82,78.56,24.06,171.86,90.7,55.81,93.64,48.01,36.42,76.17,30,81.75,85.98,70.23,106.79,47.33,206.99,77.58,69.62
12/16/13,126.83,84.3,33.7,133.96,86.81,119.16,20.52,38.96,60.41,96.54,26.53,170.37,78.65,24.22,176.88,90.72,56.05,94.64,47.72,36.62,76.21,30,81.08,86.53,70.8,107.96,47.74,207.38,77.24,70.51
12/17/13,130.53,83.89,33.4,135.12,86.36,117.69,20.76,38.79,60.75,96.07,26.58,169.92,78.17,24.43,174.8,90.01,55.36,93.58,47.53,36.25,76.53,29.89,80.3,86.06,70.48,107.06,47.05,212.87,76.75,70.66
12/18/13,134.91,85.77,33.93,134.73,87.6,120.53,20.84,39.71,61.75,98.84,26.95,174.25,79.59,24.91,177.73,91.98,56.87,95.12,48.52,36.31,78.31,30.52,81.76,87.62,72.12,109.24,47.95,214.96,77.44,72.2
12/19/13,135.52,86.19,34,134.41,86.97,122.14,20.91,39.55,62.27,98.73,27.08,174.18,79.49,24.9,179.24,91.32,56.86,94.34,48.41,35.98,78.02,30.46,81.29,88.26,72.13,108.93,47.91,215.69,76.74,72.97
12/20/13,135.83,87.34,33.85,135.9,88.35,121.7,20.97,39.73,62.11,97.99,27.12,174.57,79.58,24.82,179.04,91.43,57.33,95.69,48.94,36.53,77.1,30,81.23,88.65,73.09,110.08,47.56,215.58,76.93,72.4
12/23/13,135.91,88.08,34.23,135.63,89.38,121.72,21.41,39.84,62.3,97.82,27.16,175.88,80.1,25.08,181.24,91.37,57.86,95.49,48.98,36.35,76.87,30.1,80.7,88.63,74.08,110.24,48.06,217.64,77.37,73.28
12/24/13,136.1,88.46,34.49,136.06,90.32,122.42,21.53,39.87,63.38,98.52,27.37,175.57,80.18,25.19,182.22,91.4,57.87,95.72,49.03,36.8,77.42,30.04,80.7,88.96,73.86,110.89,48.45,218.34,77.51,73.85
12/26/13,137.39,88.77,34.7,137.49,90.56,123.71,21.63,40.17,63.8,100.19,27.59,175.86,81.08,25.46,184.34,91.88,57.82,96.02,49.33,37.16,77.95,30.3,81.15,89.48,74.58,112.1,48.65,219.8,77.89,74.62
12/27/13,138.44,88.96,34.72,136.13,90.28,124.13,21.85,40.34,63.8,100.8,27.59,175.76,81.17,25.36,184.07,91.69,57.76,96.09,49.4,37.01,77.92,30.39,81.39,89.32,74.42,112.21,48.64,219.27,77.97,74.35
12/30/13,138.51,89.36,34.74,135.16,90.28,123.14,22.08,40.77,64.2,99.6,27.65,175.14,81.47,25.61,185.39,91.64,57.57,96.19,49.55,37.01,78.5,30.44,81.38,89.74,74.51,112.14,48.62,220.51,78.13,76.23
12/31/13,139.33,90.5,34.7,135.72,90.22,123.81,22.26,40.99,64.52,100.49,27.79,176.66,81.87,25.71,186.55,90.94,58.1,96.21,49.66,37.13,78.4,30.38,80.8,90,75.03,113.21,48.61,222.28,78.19,76.4
